NTA,DNAmatch
SoHo-TriBeCa-Civic Center-Little Italy,"Civic Center,Hudson Square,South Street Seaport,South Village"
Ozone Park,"Lindenwood,Ozone Park"
Greenpoint,Greenpoint
Marble Hill-Inwood,"Inwood,Spuyten Duyvil"
Allerton-Pelham Gardens,Pelham Gardens
West Farms-Bronx River,
West Village,"Greenwich Village,Meatpacking District,SoHo,West Village"
Windsor Terrace,Windsor Terrace
Bay Ridge,"Bay Ridge,Fort Hamilton"
Cambria Heights,Cambria Heights
Fresh Meadows-Utopia,Jamaica Estates
Claremont-Bathgate,Claremont
Far Rockaway-Bayswater,"Bayswater,Far Rockaway"
Erasmus,"Flatbush,Prospect-Lefferts Gardens"
Port Richmond,"Elm Park,Port Richmond,Westerleigh,Willowbrook"
park-cemetery-etc-Bronx,
Bellerose,Bellerose
Carroll Gardens-Columbia Street-Red Hook,"Columbia Street Waterfront District,Red Hook"
Pomonok-Flushing Heights-Hillcrest,"Hillcrest,Jamaica Hills"
Auburndale,"Auburndale,Fresh Meadows"
Jackson Heights,Jackson Heights
Fordham South,
New Brighton-Silver Lake,"Emerson Hill,Silver Lake,Sunnyside (Staten Island),West Brighton"
Central Harlem North-Polo Grounds,Sugar Hill
Astoria,"Astoria,Sunnyside"
Elmhurst-Maspeth,
Richmond Hill,Richmond Hill
Old Town-Dongan Hills-South Beach,"Dongan Hills,Grasmere,Old Town"
Eastchester-Edenwald-Baychester,"Baychester,Eastchester"
Gravesend,
Crotona Park East,
Bensonhurst East,Mapleton
Bedford,
Great Kills,"Eltingville,Great Kills,Heartland Village,New Springville"
Williamsburg,
Chinatown,"Chinatown,Little Italy,NoHo,Nolita,Two Bridges"
Corona,Corona
East Elmhurst,
Ocean Hill,Ocean Hill
Dyker Heights,Dyker Heights
Upper West Side,"Bloomingdale,Upper West Side"
Ridgewood,Ridgewood
Kingsbridge Heights,"Kingsbridge,University Heights"
West New Brighton-New Brighton-St. George,"Livingston,Randall Manor"
Schuylerville-Throgs Neck-Edgewater Park,"Country Club,Schuylerville,Throgs Neck"
East Flushing,
Homecrest,
Highbridge,High Bridge
Mariner's Harbor-Arlington-Port Ivory-Graniteville,"Bulls Heads,Graniteville,Mariners Harbor"
Fort Greene,Fort Greene
Bushwick South,
Sheepshead Bay-Gerritsen Beach-Manhattan Beach,Manhattan Beach
Breezy Point-Belle Harbor-Rockaway Park-Broad Channel,"Neponsit,Roxbury"
Midwood,"Homecrest,Midwood"
East Village,"East Village,Flatiron,Lower East Side,Union Square"
University Heights-Morris Heights,Morris Heights
Morrisania-Melrose,
Hunts Point,Hunts Point
park-cemetery-etc-Brooklyn,
Lower East Side,"Alphabet City,Vinegar Hill"
Prospect Lefferts Gardens-Wingate,
North Side-South Side,"South Williamsburg,Williamsburg"
West Concourse,"Concourse,Concourse Village"
Rikers Island,
Manhattanville,"Manhattanville,West Harlem"
East New York,
Soundview-Bruckner,Soundview
Stuyvesant Heights,
Bronxdale,"Allerton,Olinville,Van Nest,Woodlawn"
Upper East Side-Carnegie Hill,"Lenox Hill,Sutton Place"
Woodside,Woodside
Brooklyn Heights-Cobble Hill,"Brooklyn Heights,Carroll Gardens,Cobble Hill,Greenwood Heights"
Annadale-Huguenot-Prince's Bay-Eltingville,"Annadale,Huguenot"
Forest Hills,Forest Hills
Rugby-Remsen Village,
Arden Heights,"Arden Heights,Travis"
South Jamaica,
Middle Village,Middle Village
Soundview-Castle Hill-Clason Point-Harding Park,Clason Point
Stapleton-Rosebank,"Clifton,Rosebank,St. George,Stapleton"
Elmhurst,"East Elmhurst,Elmhurst"
Hammels-Arverne-Edgemere,"Arverne,Edgemere"
East Harlem South,
Seagate-Coney Island,Coney Island
Steinway,Ditmars
Ocean Parkway South,
Flatlands,"Flatlands,Gerritsen Beach,Marine Park"
Rego Park,Rego Park
Springfield Gardens South-Brookville,"Brookville,Springfield Gardens"
Briarwood-Jamaica Hills,Briarwood
Van Nest-Morris Park-Westchester Square,
DUMBO-Vinegar Hill-Downtown Brooklyn-Boerum Hill,"Boerum Hill,DUMBO,Downtown Brooklyn,Gowanus"
Crown Heights North,"Bedford-Stuyvesant,Crown Heights"
Bushwick North,Bushwick
Springfield Gardens North,
Whitestone,
West Brighton,Gravesend
Brownsville,Brownsville
Madison,"Madison,Sheepshead Bay"
Clinton,"Garment District,Hell's Kitchen / Clinton"
Washington Heights South,
Williamsbridge-Olinville,Williamsbridge
Midtown-Midtown South,"Midtown,Midtown South,Times Square/ Theater District"
Hunters Point-Sunnyside-West Maspeth,
Parkchester,Parkchester
Lincoln Square,"Columbus Circle,Lincoln Square"
Longwood,Longwood
East Harlem North,East Harlem
Woodlawn-Wakefield,Wakefield
Crown Heights South,
Murray Hill-Kips Bay,"Kips Bay,Murray Hill"
Morningside Heights,"Manhattan Valley,Morningside Heights"
Gramercy,"Gramercy,NoMad"
Brighton Beach,Brighton Beach
Flushing,Malba
park-cemetery-etc-Manhattan,Carnegie Hill
Washington Heights North,"Fort George,Hudson Heights,Washington Heights"
College Point,College Point
Belmont,Belmont
Kensington-Ocean Parkway,Kensington
Van Cortlandt Village,Kingsbridge Heights
Queensbridge-Ravenswood-Long Island City,Long Island City
Woodhaven,Woodhaven
Mott Haven-Port Morris,"Mott Haven,Port Morris"
St. Albans,St. Albans
Flatbush,"Ditmas Park,Prospect Park South"
North Corona,
East Tremont,"Tremont & East Tremont,West Farms"
Clinton Hill,Clinton Hill
Westchester-Unionport,"Castle Hill,Westchester Square"
Canarsie,"Bergen Beach,Canarsie"
Lindenwood-Howard Beach,"Belle Harbor,Howard Beach,Rockaway Park"
Pelham Bay-Country Club-City Island,
East Williamsburg,East Williamsburg
Norwood,Norwood
park-cemetery-etc-Staten Island,
Oakland Gardens,"Hollis Hills,Oakland Gardens"
Park Slope-Gowanus,"Park Slope,South Slope "
park-cemetery-etc-Queens,Hamilton Beach
Rosedale,Rosedale
Queens Village,Queens Village
Jamaica,Jamaica
Cypress Hills-City Line,Cypress Hills
Queensboro Hill,Flushing
South Ozone Park,"Broad Channel,Rockaway Beach,South Ozone Park"
Stuyvesant Town-Cooper Village,Stuyvesant Town
Baisley Park,South Jamaica
Murray Hill,"Beechhurst,Murray Hill (Queens),Whitestone"
Laurelton,Laurelton
Glen Oaks-Floral Park-New Hyde Park,Glen Oaks
Grymes Hill-Clifton-Fox Hills,"Concord,Grymes Hill,New Brighton,Tompkinsville"
Todt Hill-Emerson Hill-Heartland Village-Lighthouse Hill,"Bay Terrace (Staten Island),Lighthouse Hill,Richmondtown"
Kew Gardens Hills,Kew Gardens Hills
Westerleigh,"Castleton Corners,Meier's Corners"
Battery Park City-Lower Manhattan,"Battery Park City,Financial District,TriBeCa"
Jamaica Estates-Holliswood,Holliswood
Pelham Parkway,"Morris Park,Pelham Parkway"
Hudson Yards-Chelsea-Flatiron-Union Square,Chelsea
Starrett City,"East New York,Starrett City"
Douglas Manor-Douglaston-Little Neck,"Douglaston,Little Neck"
Bath Beach,"Bath Beach,Sea Gate"
Georgetown-Marine Park-Bergen Beach-Mill Basin,"Breezy Point,Mill Basin"
Airport,
Bensonhurst West,Bensonhurst
Hamilton Heights,"Central Harlem,Hamilton Heights"
Borough Park,Borough Park
Spuyten Duyvil-Kingsbridge,Marble Hill
New Springville-Bloomfield-Travis,
Mount Hope,"Claremont Village,Mount Hope"
Ft. Totten-Bay Terrace-Clearview,"Bay Terrace,City Island"
Charleston-Richmond Valley-Tottenville,"Tottenville,Yorkville"
Bedford Park-Fordham North,"Bedford Park ,Fordham"
Bayside-Bayside Hills,Bayside
Oakwood-Oakwood Beach,"New Dorp,Oakwood"
Sunset Park East,
East New York (Pennsylvania Ave),
Rossville-Woodrow,"Pleasant Plains,Prince's Bay,Rossville,Woodrow"
Turtle Bay-East Midtown,"Midtown East,Tudor City,Turtle Bay"
Maspeth,Maspeth
Prospect Heights,Prospect Heights
Hollis,Hollis
Melrose South-Mott Haven North,Morrisania
Old Astoria,
Glendale,Glendale
North Riverdale-Fieldston-Riverdale,"Fieldston,Riverdale"
East Concourse-Concourse Village,Melrose
Central Harlem South,"Harlem,South Harlem"
New Dorp-Midland Beach,"Grant City,Midland Beach,New Dorp Beach,Todt Hill"
Yorkville,Roosevelt Island
Lenox Hill-Roosevelt Island,Upper East Side
Co-op City,"Co-Op City,Pelham Bay"
Grasmere-Arrochar-Ft. Wadsworth,"Arrochar,Fort Wadsworth,Shore Acres,South Beach"
Sunset Park West,Sunset Park
East Flatbush-Farragut,East Flatbush
Kew Gardens,Kew Gardens
